﻿<Techne Version="2.2">
	<Author>Mojang</Author>
	<Identifier>geometry.snowgolem</Identifier>
	<DisplayName>Snow Golem</DisplayName>
	<Description>Compiled from Minecraft source. Mojang pls don't sue :(</Description>
	<Models>
		<Model Texture="none.png">
			<BaseClass>ModelBase</BaseClass>
			<Name>SnowMan</Name>
			<Geometry>
				<Folder Type="f8bf7d5b-37bf-455b-93f9-b6f9e81620e1" Name="Model">
					<Shape Type="d9e621f7-957f-4b77-b1ae-20dcd0da7751" Name="Head">
						<IsDecorative>False</IsDecorative>
						<IsFixed>False</IsFixed>
						<IsMirrored>False</IsMirrored>
						<IsSolid>False</IsSolid>
						<Offset>-4,-8,-4</Offset>
						<Position>0,4,0</Position>
						<Rotation>0,0,0</Rotation>
						<Size>8,8,8</Size>
						<TextureOffset>0,0</TextureOffset>
						<Scale>-0.5</Scale>
						<Part>None</Part>
						<Hidden>False</Hidden>
						<IsArmor>False</IsArmor>
					</Shape>
					<Shape Type="d9e621f7-957f-4b77-b1ae-20dcd0da7751" Name="Right Hand">
						<IsDecorative>False</IsDecorative>
						<IsFixed>False</IsFixed>
						<IsMirrored>False</IsMirrored>
						<IsSolid>False</IsSolid>
						<Offset>-1,0,-1</Offset>
						<Position>5,6,0</Position>
						<Rotation>0,0,57.29578</Rotation>
						<Size>12,2,2</Size>
						<TextureOffset>32,0</TextureOffset>
						<Scale>-0.5</Scale>
						<Part>None</Part>
						<Hidden>True</Hidden>
						<IsArmor>False</IsArmor>
					</Shape>
					<Shape Type="d9e621f7-957f-4b77-b1ae-20dcd0da7751" Name="Left Hand">
						<IsDecorative>False</IsDecorative>
						<IsFixed>False</IsFixed>
						<IsMirrored>False</IsMirrored>
						<IsSolid>False</IsSolid>
						<Offset>-1,0,-1</Offset>
						<Position>-5,6,0</Position>
						<Rotation>0,180,-57.29578</Rotation>
						<Size>12,2,2</Size>
						<TextureOffset>32,0</TextureOffset>
						<Scale>-0.5</Scale>
						<Part>None</Part>
						<Hidden>True</Hidden>
						<IsArmor>False</IsArmor>
					</Shape>
					<Shape Type="d9e621f7-957f-4b77-b1ae-20dcd0da7751" Name="Body">
						<IsDecorative>False</IsDecorative>
						<IsFixed>False</IsFixed>
						<IsMirrored>False</IsMirrored>
						<IsSolid>False</IsSolid>
						<Offset>-5,-10,-5</Offset>
						<Position>0,13,0</Position>
						<Rotation>0,0,0</Rotation>
						<Size>10,10,10</Size>
						<TextureOffset>0,16</TextureOffset>
						<Scale>-0.5</Scale>
						<Part>None</Part>
						<Hidden>False</Hidden>
						<IsArmor>False</IsArmor>
					</Shape>
					<Shape Type="d9e621f7-957f-4b77-b1ae-20dcd0da7751" Name="Bottom">
						<IsDecorative>False</IsDecorative>
						<IsFixed>False</IsFixed>
						<IsMirrored>False</IsMirrored>
						<IsSolid>False</IsSolid>
						<Offset>-6,-12,-6</Offset>
						<Position>0,24,0</Position>
						<Rotation>0,0,0</Rotation>
						<Size>12,12,12</Size>
						<TextureOffset>0,36</TextureOffset>
						<Scale>-0.5</Scale>
						<Part>None</Part>
						<Hidden>False</Hidden>
						<IsArmor>False</IsArmor>
					</Shape>
				</Folder>
			</Geometry>
			<TextureSize>64,64</TextureSize>
		</Model>
	</Models>
	<Name>SnowMan</Name>
</Techne>