{
  "format_version": "1.8.0",
  "display_name" : "Fish Tropical A",
  "geometry.tropicalfish_a": {
    "visible_bounds_width": 0.5,
    "visible_bounds_height": 0.5,
    "bones": [
      {
        "pivot": [ -0.5, 0.0, 0.0 ],
        "cubes": [
          {
            "origin": [ -1.0, 0.0, -3.0 ],
            "size": [ 2.0, 3.0, 6.0 ],
            "uv": [ 0.0, 0.0 ]
          },
          {
            "origin": [ 0.0, 3.0, -2.9992 ],
            "size": [ 0.0, 4.0, 6.0 ],
            "uv": [ 10.0, -6.0 ]
          }
        ],
        "name": "body"
      },
      {
        "pivot": [ 0.0, 0.0, 3.0 ],
        "cubes": [
          {
            "origin": [ 0.0, 0.0, 3.0 ],
            "size": [ 0.0, 3.0, 4.0 ],
            "uv": [ 24.0, -4.0 ]
          }
        ],
        "name": "tailfin",
        "parent": "body"
      },
      {
        "pivot": [ 0.5, 0.0, 1.0 ],
        "bind_pose_rotation": [ 0.0, -35.0, 0.0 ],
        "cubes": [
          {
            "origin": [ 0.336, 0.0, -0.10594 ],
            "size": [ 2.0, 2.0, 0.0 ],
            "uv": [ 2.0, 12.0 ]
          }
        ],
        "name": "leftFin",
        "parent": "body"
      },
      {
        "pivot": [ -0.5, 0.0, 1.0 ],
        "bind_pose_rotation": [ 0.0, 35.0, 0.0 ],
        "cubes": [
          {
            "origin": [ -2.336, 0.0, -0.10594 ],
            "size": [ 2.0, 2.0, 0.0 ],
            "uv": [ 2.0, 16.0 ]
          }
        ],
        "name": "rightFin",
        "parent": "body"
      }
    ],
    "texturewidth": 32,
    "textureheight": 32
  }
}