﻿<Techne Version="2.2">
	<Author>Mojang</Author>
	<Identifier>geometry.creeper</Identifier>
	<DisplayName>Creeper</DisplayName>
	<Description>Compiled from Minecraft source. Mojang pls don't sue :(</Description>
	<Models>
		<Model Texture="none.png">
			<BaseClass>ModelBase</BaseClass>
			<Name>Creeper</Name>
			<Geometry>
				<Folder Type="f8bf7d5b-37bf-455b-93f9-b6f9e81620e1" Name="Model">
					<Shape Type="d9e621f7-957f-4b77-b1ae-20dcd0da7751" Name="Head">
						<IsDecorative>False</IsDecorative>
						<IsFixed>False</IsFixed>
						<IsMirrored>False</IsMirrored>
						<IsSolid>False</IsSolid>
						<Offset>-4,-8,-4</Offset>
						<Position>0,6,0</Position>
						<Rotation>0,0,0</Rotation>
						<Size>8,8,8</Size>
						<TextureOffset>0,0</TextureOffset>
						<Scale>0</Scale>
						<Part>Head</Part>
						<Hidden>False</Hidden>
						<IsArmor>False</IsArmor>
					</Shape>
					<Shape Type="d9e621f7-957f-4b77-b1ae-20dcd0da7751" Name="Body">
						<IsDecorative>False</IsDecorative>
						<IsFixed>False</IsFixed>
						<IsMirrored>False</IsMirrored>
						<IsSolid>False</IsSolid>
						<Offset>-4,0,-2</Offset>
						<Position>0,6,0</Position>
						<Rotation>0,0,0</Rotation>
						<Size>8,12,4</Size>
						<TextureOffset>16,16</TextureOffset>
						<Scale>0</Scale>
						<Part>Chest</Part>
						<Hidden>False</Hidden>
						<IsArmor>False</IsArmor>
					</Shape>
					<Shape Type="d9e621f7-957f-4b77-b1ae-20dcd0da7751" Name="Leg 1">
						<IsDecorative>False</IsDecorative>
						<IsFixed>False</IsFixed>
						<IsMirrored>False</IsMirrored>
						<IsSolid>False</IsSolid>
						<Offset>-2,0,-2</Offset>
						<Position>-2,18,4</Position>
						<Rotation>0,0,0</Rotation>
						<Size>4,6,4</Size>
						<TextureOffset>0,16</TextureOffset>
						<Scale>0</Scale>
						<Part>LeftLeg</Part>
						<Hidden>False</Hidden>
						<IsArmor>False</IsArmor>
					</Shape>
					<Shape Type="d9e621f7-957f-4b77-b1ae-20dcd0da7751" Name="Leg 2">
						<IsDecorative>False</IsDecorative>
						<IsFixed>False</IsFixed>
						<IsMirrored>False</IsMirrored>
						<IsSolid>False</IsSolid>
						<Offset>-2,0,-2</Offset>
						<Position>2,18,4</Position>
						<Rotation>0,0,0</Rotation>
						<Size>4,6,4</Size>
						<TextureOffset>0,16</TextureOffset>
						<Scale>0</Scale>
						<Part>RightLeg</Part>
						<Hidden>False</Hidden>
						<IsArmor>False</IsArmor>
					</Shape>
					<Shape Type="d9e621f7-957f-4b77-b1ae-20dcd0da7751" Name="Leg 3">
						<IsDecorative>False</IsDecorative>
						<IsFixed>False</IsFixed>
						<IsMirrored>False</IsMirrored>
						<IsSolid>False</IsSolid>
						<Offset>-2,0,-2</Offset>
						<Position>-2,18,-4</Position>
						<Rotation>0,0,0</Rotation>
						<Size>4,6,4</Size>
						<TextureOffset>0,16</TextureOffset>
						<Scale>0</Scale>
						<Part>LeftArm</Part>
						<Hidden>False</Hidden>
						<IsArmor>False</IsArmor>
					</Shape>
					<Shape Type="d9e621f7-957f-4b77-b1ae-20dcd0da7751" Name="Leg 4">
						<IsDecorative>False</IsDecorative>
						<IsFixed>False</IsFixed>
						<IsMirrored>False</IsMirrored>
						<IsSolid>False</IsSolid>
						<Offset>-2,0,-2</Offset>
						<Position>2,18,-4</Position>
						<Rotation>0,0,0</Rotation>
						<Size>4,6,4</Size>
						<TextureOffset>0,16</TextureOffset>
						<Scale>0</Scale>
						<Part>RightArm</Part>
						<Hidden>False</Hidden>
						<IsArmor>False</IsArmor>
					</Shape>
				</Folder>
			</Geometry>
			<TextureSize>64,32</TextureSize>
		</Model>
	</Models>
	<Name>Creeper</Name>
</Techne>