﻿<Techne Version="2.2">
	<Author>Mojang</Author>
	<Identifier>geometry.dragon</Identifier>
	<DisplayName>Dragon</DisplayName>
	<Description>Compiled from Minecraft source. Mojang pls don't sue :(</Description>
	<Models>
		<Model Texture="none.png">
			<BaseClass>ModelBase</BaseClass>
			<Name>Dragon</Name>
			<Geometry>
				<Folder Type="f8bf7d5b-37bf-455b-93f9-b6f9e81620e1" Name="Model">
					<Shape Type="d9e621f7-957f-4b77-b1ae-20dcd0da7751" Name="head.upperlip">
						<IsDecorative>False</IsDecorative>
						<IsFixed>False</IsFixed>
						<IsMirrored>False</IsMirrored>
						<IsSolid>False</IsSolid>
						<Offset>-6,-1,-24</Offset>
						<Position>0,23.75973,-61.74199</Position>
						<Rotation>0,0,0</Rotation>
						<Size>12,5,16</Size>
						<TextureOffset>176,44</TextureOffset>
						<Scale>0</Scale>
						<Part>None</Part>
						<Hidden>False</Hidden>
						<IsArmor>False</IsArmor>
					</Shape>
					<Shape Type="d9e621f7-957f-4b77-b1ae-20dcd0da7751" Name="jaw.jaw">
						<IsDecorative>False</IsDecorative>
						<IsFixed>False</IsFixed>
						<IsMirrored>False</IsMirrored>
						<IsSolid>False</IsSolid>
						<Offset>-6,0,-16</Offset>
						<Position>0,27.75973,-69.74199</Position>
						<Rotation>11.45916,0,0</Rotation>
						<Size>12,4,16</Size>
						<TextureOffset>176,65</TextureOffset>
						<Scale>0</Scale>
						<Part>None</Part>
						<Hidden>False</Hidden>
						<IsArmor>False</IsArmor>
					</Shape>
					<Shape Type="d9e621f7-957f-4b77-b1ae-20dcd0da7751" Name="head.upperhead">
						<IsDecorative>False</IsDecorative>
						<IsFixed>False</IsFixed>
						<IsMirrored>False</IsMirrored>
						<IsSolid>False</IsSolid>
						<Offset>-8,-8,-10</Offset>
						<Position>0,23.75973,-61.74199</Position>
						<Rotation>0,0,0</Rotation>
						<Size>16,16,16</Size>
						<TextureOffset>112,30</TextureOffset>
						<Scale>0</Scale>
						<Part>None</Part>
						<Hidden>False</Hidden>
						<IsArmor>False</IsArmor>
					</Shape>
					<Shape Type="d9e621f7-957f-4b77-b1ae-20dcd0da7751" Name="head.scale">
						<IsDecorative>False</IsDecorative>
						<IsFixed>False</IsFixed>
						<IsMirrored>False</IsMirrored>
						<IsSolid>False</IsSolid>
						<Offset>-5,-12,-4</Offset>
						<Position>0,23.75973,-61.74199</Position>
						<Rotation>0,0,0</Rotation>
						<Size>2,4,6</Size>
						<TextureOffset>0,0</TextureOffset>
						<Scale>0</Scale>
						<Part>None</Part>
						<Hidden>False</Hidden>
						<IsArmor>False</IsArmor>
					</Shape>
					<Shape Type="d9e621f7-957f-4b77-b1ae-20dcd0da7751" Name="head.nostril">
						<IsDecorative>False</IsDecorative>
						<IsFixed>False</IsFixed>
						<IsMirrored>False</IsMirrored>
						<IsSolid>False</IsSolid>
						<Offset>-5,-3,-22</Offset>
						<Position>0,23.75973,-61.74199</Position>
						<Rotation>0,0,0</Rotation>
						<Size>2,2,4</Size>
						<TextureOffset>112,0</TextureOffset>
						<Scale>0</Scale>
						<Part>None</Part>
						<Hidden>False</Hidden>
						<IsArmor>False</IsArmor>
					</Shape>
					<Shape Type="d9e621f7-957f-4b77-b1ae-20dcd0da7751" Name="head.scale">
						<IsDecorative>False</IsDecorative>
						<IsFixed>False</IsFixed>
						<IsMirrored>False</IsMirrored>
						<IsSolid>False</IsSolid>
						<Offset>3,-12,-4</Offset>
						<Position>0,23.75973,-61.74199</Position>
						<Rotation>0,0,0</Rotation>
						<Size>2,4,6</Size>
						<TextureOffset>0,0</TextureOffset>
						<Scale>0</Scale>
						<Part>None</Part>
						<Hidden>False</Hidden>
						<IsArmor>False</IsArmor>
					</Shape>
					<Shape Type="d9e621f7-957f-4b77-b1ae-20dcd0da7751" Name="head.nostril">
						<IsDecorative>False</IsDecorative>
						<IsFixed>False</IsFixed>
						<IsMirrored>False</IsMirrored>
						<IsSolid>False</IsSolid>
						<Offset>3,-3,-22</Offset>
						<Position>0,23.75973,-61.74199</Position>
						<Rotation>0,0,0</Rotation>
						<Size>2,2,4</Size>
						<TextureOffset>112,0</TextureOffset>
						<Scale>0</Scale>
						<Part>None</Part>
						<Hidden>False</Hidden>
						<IsArmor>False</IsArmor>
					</Shape>
					<Shape Type="d9e621f7-957f-4b77-b1ae-20dcd0da7751" Name="neck.box">
						<IsDecorative>False</IsDecorative>
						<IsFixed>False</IsFixed>
						<IsMirrored>False</IsMirrored>
						<IsSolid>False</IsSolid>
						<Offset>-5,-5,-5</Offset>
						<Position>0,20,-12</Position>
						<Rotation>8.594367,0,0</Rotation>
						<Size>10,10,10</Size>
						<TextureOffset>192,104</TextureOffset>
						<Scale>0</Scale>
						<Part>None</Part>
						<Hidden>False</Hidden>
						<IsArmor>False</IsArmor>
					</Shape>
					<Shape Type="d9e621f7-957f-4b77-b1ae-20dcd0da7751" Name="neck.scale">
						<IsDecorative>False</IsDecorative>
						<IsFixed>False</IsFixed>
						<IsMirrored>False</IsMirrored>
						<IsSolid>False</IsSolid>
						<Offset>-1,-9,-3</Offset>
						<Position>0,20,-12</Position>
						<Rotation>8.594367,0,0</Rotation>
						<Size>2,4,6</Size>
						<TextureOffset>48,0</TextureOffset>
						<Scale>0</Scale>
						<Part>None</Part>
						<Hidden>False</Hidden>
						<IsArmor>False</IsArmor>
					</Shape>
					<Shape Type="d9e621f7-957f-4b77-b1ae-20dcd0da7751" Name="neck.box">
						<IsDecorative>False</IsDecorative>
						<IsFixed>False</IsFixed>
						<IsMirrored>False</IsMirrored>
						<IsSolid>False</IsSolid>
						<Offset>-5,-5,-5</Offset>
						<Position>0,21.49438,-21.88771</Position>
						<Rotation>7.738773,0,0</Rotation>
						<Size>10,10,10</Size>
						<TextureOffset>192,104</TextureOffset>
						<Scale>0</Scale>
						<Part>None</Part>
						<Hidden>False</Hidden>
						<IsArmor>False</IsArmor>
					</Shape>
					<Shape Type="d9e621f7-957f-4b77-b1ae-20dcd0da7751" Name="neck.scale">
						<IsDecorative>False</IsDecorative>
						<IsFixed>False</IsFixed>
						<IsMirrored>False</IsMirrored>
						<IsSolid>False</IsSolid>
						<Offset>-1,-9,-3</Offset>
						<Position>0,21.49438,-21.88771</Position>
						<Rotation>7.738773,0,0</Rotation>
						<Size>2,4,6</Size>
						<TextureOffset>48,0</TextureOffset>
						<Scale>0</Scale>
						<Part>None</Part>
						<Hidden>False</Hidden>
						<IsArmor>False</IsArmor>
					</Shape>
					<Shape Type="d9e621f7-957f-4b77-b1ae-20dcd0da7751" Name="neck.box">
						<IsDecorative>False</IsDecorative>
						<IsFixed>False</IsFixed>
						<IsMirrored>False</IsMirrored>
						<IsSolid>False</IsSolid>
						<Offset>-5,-5,-5</Offset>
						<Position>0,22.84095,-31.79663</Position>
						<Rotation>5.342344,0,0</Rotation>
						<Size>10,10,10</Size>
						<TextureOffset>192,104</TextureOffset>
						<Scale>0</Scale>
						<Part>None</Part>
						<Hidden>False</Hidden>
						<IsArmor>False</IsArmor>
					</Shape>
					<Shape Type="d9e621f7-957f-4b77-b1ae-20dcd0da7751" Name="neck.scale">
						<IsDecorative>False</IsDecorative>
						<IsFixed>False</IsFixed>
						<IsMirrored>False</IsMirrored>
						<IsSolid>False</IsSolid>
						<Offset>-1,-9,-3</Offset>
						<Position>0,22.84095,-31.79663</Position>
						<Rotation>5.342344,0,0</Rotation>
						<Size>2,4,6</Size>
						<TextureOffset>48,0</TextureOffset>
						<Scale>0</Scale>
						<Part>None</Part>
						<Hidden>False</Hidden>
						<IsArmor>False</IsArmor>
					</Shape>
					<Shape Type="d9e621f7-957f-4b77-b1ae-20dcd0da7751" Name="neck.box">
						<IsDecorative>False</IsDecorative>
						<IsFixed>False</IsFixed>
						<IsMirrored>False</IsMirrored>
						<IsSolid>False</IsSolid>
						<Offset>-5,-5,-5</Offset>
						<Position>0,23.77201,-41.75319</Position>
						<Rotation>1.882224,0,0</Rotation>
						<Size>10,10,10</Size>
						<TextureOffset>192,104</TextureOffset>
						<Scale>0</Scale>
						<Part>None</Part>
						<Hidden>False</Hidden>
						<IsArmor>False</IsArmor>
					</Shape>
					<Shape Type="d9e621f7-957f-4b77-b1ae-20dcd0da7751" Name="neck.scale">
						<IsDecorative>False</IsDecorative>
						<IsFixed>False</IsFixed>
						<IsMirrored>False</IsMirrored>
						<IsSolid>False</IsSolid>
						<Offset>-1,-9,-3</Offset>
						<Position>0,23.77201,-41.75319</Position>
						<Rotation>1.882224,0,0</Rotation>
						<Size>2,4,6</Size>
						<TextureOffset>48,0</TextureOffset>
						<Scale>0</Scale>
						<Part>None</Part>
						<Hidden>False</Hidden>
						<IsArmor>False</IsArmor>
					</Shape>
					<Shape Type="d9e621f7-957f-4b77-b1ae-20dcd0da7751" Name="neck.box">
						<IsDecorative>False</IsDecorative>
						<IsFixed>False</IsFixed>
						<IsMirrored>False</IsMirrored>
						<IsSolid>False</IsSolid>
						<Offset>-5,-5,-5</Offset>
						<Position>0,24.10046,-51.7478</Position>
						<Rotation>-1.952658,0,0</Rotation>
						<Size>10,10,10</Size>
						<TextureOffset>192,104</TextureOffset>
						<Scale>0</Scale>
						<Part>None</Part>
						<Hidden>False</Hidden>
						<IsArmor>False</IsArmor>
					</Shape>
					<Shape Type="d9e621f7-957f-4b77-b1ae-20dcd0da7751" Name="neck.scale">
						<IsDecorative>False</IsDecorative>
						<IsFixed>False</IsFixed>
						<IsMirrored>False</IsMirrored>
						<IsSolid>False</IsSolid>
						<Offset>-1,-9,-3</Offset>
						<Position>0,24.10046,-51.7478</Position>
						<Rotation>-1.952658,0,0</Rotation>
						<Size>2,4,6</Size>
						<TextureOffset>48,0</TextureOffset>
						<Scale>0</Scale>
						<Part>None</Part>
						<Hidden>False</Hidden>
						<IsArmor>False</IsArmor>
					</Shape>
					<Shape Type="d9e621f7-957f-4b77-b1ae-20dcd0da7751" Name="neck.box">
						<IsDecorative>False</IsDecorative>
						<IsFixed>False</IsFixed>
						<IsMirrored>False</IsMirrored>
						<IsSolid>False</IsSolid>
						<Offset>-5,-5,-5</Offset>
						<Position>0,10,60</Position>
						<Rotation>0,180,0</Rotation>
						<Size>10,10,10</Size>
						<TextureOffset>192,104</TextureOffset>
						<Scale>0</Scale>
						<Part>None</Part>
						<Hidden>False</Hidden>
						<IsArmor>False</IsArmor>
					</Shape>
					<Shape Type="d9e621f7-957f-4b77-b1ae-20dcd0da7751" Name="neck.scale">
						<IsDecorative>False</IsDecorative>
						<IsFixed>False</IsFixed>
						<IsMirrored>False</IsMirrored>
						<IsSolid>False</IsSolid>
						<Offset>-1,-9,-3</Offset>
						<Position>0,10,60</Position>
						<Rotation>0,180,0</Rotation>
						<Size>2,4,6</Size>
						<TextureOffset>48,0</TextureOffset>
						<Scale>0</Scale>
						<Part>None</Part>
						<Hidden>False</Hidden>
						<IsArmor>False</IsArmor>
					</Shape>
					<Shape Type="d9e621f7-957f-4b77-b1ae-20dcd0da7751" Name="neck.box">
						<IsDecorative>False</IsDecorative>
						<IsFixed>False</IsFixed>
						<IsMirrored>False</IsMirrored>
						<IsSolid>False</IsSolid>
						<Offset>-5,-5,-5</Offset>
						<Position>8.742278E-07,10,70</Position>
						<Rotation>1.246084,180,0</Rotation>
						<Size>10,10,10</Size>
						<TextureOffset>192,104</TextureOffset>
						<Scale>0</Scale>
						<Part>None</Part>
						<Hidden>False</Hidden>
						<IsArmor>False</IsArmor>
					</Shape>
					<Shape Type="d9e621f7-957f-4b77-b1ae-20dcd0da7751" Name="neck.scale">
						<IsDecorative>False</IsDecorative>
						<IsFixed>False</IsFixed>
						<IsMirrored>False</IsMirrored>
						<IsSolid>False</IsSolid>
						<Offset>-1,-9,-3</Offset>
						<Position>8.742278E-07,10,70</Position>
						<Rotation>1.246084,180,0</Rotation>
						<Size>2,4,6</Size>
						<TextureOffset>48,0</TextureOffset>
						<Scale>0</Scale>
						<Part>None</Part>
						<Hidden>False</Hidden>
						<IsArmor>False</IsArmor>
					</Shape>
					<Shape Type="d9e621f7-957f-4b77-b1ae-20dcd0da7751" Name="neck.box">
						<IsDecorative>False</IsDecorative>
						<IsFixed>False</IsFixed>
						<IsMirrored>False</IsMirrored>
						<IsSolid>False</IsSolid>
						<Offset>-5,-5,-5</Offset>
						<Position>1.748249E-06,10.21747,79.99763</Position>
						<Rotation>3.49015,180,0</Rotation>
						<Size>10,10,10</Size>
						<TextureOffset>192,104</TextureOffset>
						<Scale>0</Scale>
						<Part>None</Part>
						<Hidden>False</Hidden>
						<IsArmor>False</IsArmor>
					</Shape>
					<Shape Type="d9e621f7-957f-4b77-b1ae-20dcd0da7751" Name="neck.scale">
						<IsDecorative>False</IsDecorative>
						<IsFixed>False</IsFixed>
						<IsMirrored>False</IsMirrored>
						<IsSolid>False</IsSolid>
						<Offset>-1,-9,-3</Offset>
						<Position>1.748249E-06,10.21747,79.99763</Position>
						<Rotation>3.49015,180,0</Rotation>
						<Size>2,4,6</Size>
						<TextureOffset>48,0</TextureOffset>
						<Scale>0</Scale>
						<Part>None</Part>
						<Hidden>False</Hidden>
						<IsArmor>False</IsArmor>
					</Shape>
					<Shape Type="d9e621f7-957f-4b77-b1ae-20dcd0da7751" Name="neck.box">
						<IsDecorative>False</IsDecorative>
						<IsFixed>False</IsFixed>
						<IsMirrored>False</IsMirrored>
						<IsSolid>False</IsSolid>
						<Offset>-5,-5,-5</Offset>
						<Position>2.620855E-06,10.82623,89.97909</Position>
						<Rotation>6.285392,180,0</Rotation>
						<Size>10,10,10</Size>
						<TextureOffset>192,104</TextureOffset>
						<Scale>0</Scale>
						<Part>None</Part>
						<Hidden>False</Hidden>
						<IsArmor>False</IsArmor>
					</Shape>
					<Shape Type="d9e621f7-957f-4b77-b1ae-20dcd0da7751" Name="neck.scale">
						<IsDecorative>False</IsDecorative>
						<IsFixed>False</IsFixed>
						<IsMirrored>False</IsMirrored>
						<IsSolid>False</IsSolid>
						<Offset>-1,-9,-3</Offset>
						<Position>2.620855E-06,10.82623,89.97909</Position>
						<Rotation>6.285392,180,0</Rotation>
						<Size>2,4,6</Size>
						<TextureOffset>48,0</TextureOffset>
						<Scale>0</Scale>
						<Part>None</Part>
						<Hidden>False</Hidden>
						<IsArmor>False</IsArmor>
					</Shape>
					<Shape Type="d9e621f7-957f-4b77-b1ae-20dcd0da7751" Name="neck.box">
						<IsDecorative>False</IsDecorative>
						<IsFixed>False</IsFixed>
						<IsMirrored>False</IsMirrored>
						<IsSolid>False</IsSolid>
						<Offset>-5,-5,-5</Offset>
						<Position>3.489828E-06,11.92104,99.91898</Position>
						<Rotation>9.07526,180,0</Rotation>
						<Size>10,10,10</Size>
						<TextureOffset>192,104</TextureOffset>
						<Scale>0</Scale>
						<Part>None</Part>
						<Hidden>False</Hidden>
						<IsArmor>False</IsArmor>
					</Shape>
					<Shape Type="d9e621f7-957f-4b77-b1ae-20dcd0da7751" Name="neck.scale">
						<IsDecorative>False</IsDecorative>
						<IsFixed>False</IsFixed>
						<IsMirrored>False</IsMirrored>
						<IsSolid>False</IsSolid>
						<Offset>-1,-9,-3</Offset>
						<Position>3.489828E-06,11.92104,99.91898</Position>
						<Rotation>9.07526,180,0</Rotation>
						<Size>2,4,6</Size>
						<TextureOffset>48,0</TextureOffset>
						<Scale>0</Scale>
						<Part>None</Part>
						<Hidden>False</Hidden>
						<IsArmor>False</IsArmor>
					</Shape>
					<Shape Type="d9e621f7-957f-4b77-b1ae-20dcd0da7751" Name="neck.box">
						<IsDecorative>False</IsDecorative>
						<IsFixed>False</IsFixed>
						<IsMirrored>False</IsMirrored>
						<IsSolid>False</IsSolid>
						<Offset>-5,-5,-5</Offset>
						<Position>4.353112E-06,13.49836,109.7938</Position>
						<Rotation>11.30428,180,0</Rotation>
						<Size>10,10,10</Size>
						<TextureOffset>192,104</TextureOffset>
						<Scale>0</Scale>
						<Part>None</Part>
						<Hidden>False</Hidden>
						<IsArmor>False</IsArmor>
					</Shape>
					<Shape Type="d9e621f7-957f-4b77-b1ae-20dcd0da7751" Name="neck.scale">
						<IsDecorative>False</IsDecorative>
						<IsFixed>False</IsFixed>
						<IsMirrored>False</IsMirrored>
						<IsSolid>False</IsSolid>
						<Offset>-1,-9,-3</Offset>
						<Position>4.353112E-06,13.49836,109.7938</Position>
						<Rotation>11.30428,180,0</Rotation>
						<Size>2,4,6</Size>
						<TextureOffset>48,0</TextureOffset>
						<Scale>0</Scale>
						<Part>None</Part>
						<Hidden>False</Hidden>
						<IsArmor>False</IsArmor>
					</Shape>
					<Shape Type="d9e621f7-957f-4b77-b1ae-20dcd0da7751" Name="neck.box">
						<IsDecorative>False</IsDecorative>
						<IsFixed>False</IsFixed>
						<IsMirrored>False</IsMirrored>
						<IsSolid>False</IsSolid>
						<Offset>-5,-5,-5</Offset>
						<Position>5.21038E-06,15.45855,119.5998</Position>
						<Rotation>12.52863,180,0</Rotation>
						<Size>10,10,10</Size>
						<TextureOffset>192,104</TextureOffset>
						<Scale>0</Scale>
						<Part>None</Part>
						<Hidden>False</Hidden>
						<IsArmor>False</IsArmor>
					</Shape>
					<Shape Type="d9e621f7-957f-4b77-b1ae-20dcd0da7751" Name="neck.scale">
						<IsDecorative>False</IsDecorative>
						<IsFixed>False</IsFixed>
						<IsMirrored>False</IsMirrored>
						<IsSolid>False</IsSolid>
						<Offset>-1,-9,-3</Offset>
						<Position>5.21038E-06,15.45855,119.5998</Position>
						<Rotation>12.52863,180,0</Rotation>
						<Size>2,4,6</Size>
						<TextureOffset>48,0</TextureOffset>
						<Scale>0</Scale>
						<Part>None</Part>
						<Hidden>False</Hidden>
						<IsArmor>False</IsArmor>
					</Shape>
					<Shape Type="d9e621f7-957f-4b77-b1ae-20dcd0da7751" Name="neck.box">
						<IsDecorative>False</IsDecorative>
						<IsFixed>False</IsFixed>
						<IsMirrored>False</IsMirrored>
						<IsSolid>False</IsSolid>
						<Offset>-5,-5,-5</Offset>
						<Position>6.06379E-06,17.62783,129.3617</Position>
						<Rotation>12.50454,180,0</Rotation>
						<Size>10,10,10</Size>
						<TextureOffset>192,104</TextureOffset>
						<Scale>0</Scale>
						<Part>None</Part>
						<Hidden>False</Hidden>
						<IsArmor>False</IsArmor>
					</Shape>
					<Shape Type="d9e621f7-957f-4b77-b1ae-20dcd0da7751" Name="neck.scale">
						<IsDecorative>False</IsDecorative>
						<IsFixed>False</IsFixed>
						<IsMirrored>False</IsMirrored>
						<IsSolid>False</IsSolid>
						<Offset>-1,-9,-3</Offset>
						<Position>6.06379E-06,17.62783,129.3617</Position>
						<Rotation>12.50454,180,0</Rotation>
						<Size>2,4,6</Size>
						<TextureOffset>48,0</TextureOffset>
						<Scale>0</Scale>
						<Part>None</Part>
						<Hidden>False</Hidden>
						<IsArmor>False</IsArmor>
					</Shape>
					<Shape Type="d9e621f7-957f-4b77-b1ae-20dcd0da7751" Name="neck.box">
						<IsDecorative>False</IsDecorative>
						<IsFixed>False</IsFixed>
						<IsMirrored>False</IsMirrored>
						<IsSolid>False</IsSolid>
						<Offset>-5,-5,-5</Offset>
						<Position>6.917281E-06,19.793,139.1245</Position>
						<Rotation>11.23682,180,0</Rotation>
						<Size>10,10,10</Size>
						<TextureOffset>192,104</TextureOffset>
						<Scale>0</Scale>
						<Part>None</Part>
						<Hidden>False</Hidden>
						<IsArmor>False</IsArmor>
					</Shape>
					<Shape Type="d9e621f7-957f-4b77-b1ae-20dcd0da7751" Name="neck.scale">
						<IsDecorative>False</IsDecorative>
						<IsFixed>False</IsFixed>
						<IsMirrored>False</IsMirrored>
						<IsSolid>False</IsSolid>
						<Offset>-1,-9,-3</Offset>
						<Position>6.917281E-06,19.793,139.1245</Position>
						<Rotation>11.23682,180,0</Rotation>
						<Size>2,4,6</Size>
						<TextureOffset>48,0</TextureOffset>
						<Scale>0</Scale>
						<Part>None</Part>
						<Hidden>False</Hidden>
						<IsArmor>False</IsArmor>
					</Shape>
					<Shape Type="d9e621f7-957f-4b77-b1ae-20dcd0da7751" Name="neck.box">
						<IsDecorative>False</IsDecorative>
						<IsFixed>False</IsFixed>
						<IsMirrored>False</IsMirrored>
						<IsSolid>False</IsSolid>
						<Offset>-5,-5,-5</Offset>
						<Position>7.77475E-06,21.74165,148.9328</Position>
						<Rotation>8.977858,180,0</Rotation>
						<Size>10,10,10</Size>
						<TextureOffset>192,104</TextureOffset>
						<Scale>0</Scale>
						<Part>None</Part>
						<Hidden>False</Hidden>
						<IsArmor>False</IsArmor>
					</Shape>
					<Shape Type="d9e621f7-957f-4b77-b1ae-20dcd0da7751" Name="neck.scale">
						<IsDecorative>False</IsDecorative>
						<IsFixed>False</IsFixed>
						<IsMirrored>False</IsMirrored>
						<IsSolid>False</IsSolid>
						<Offset>-1,-9,-3</Offset>
						<Position>7.77475E-06,21.74165,148.9328</Position>
						<Rotation>8.977858,180,0</Rotation>
						<Size>2,4,6</Size>
						<TextureOffset>48,0</TextureOffset>
						<Scale>0</Scale>
						<Part>None</Part>
						<Hidden>False</Hidden>
						<IsArmor>False</IsArmor>
					</Shape>
					<Shape Type="d9e621f7-957f-4b77-b1ae-20dcd0da7751" Name="neck.box">
						<IsDecorative>False</IsDecorative>
						<IsFixed>False</IsFixed>
						<IsMirrored>False</IsMirrored>
						<IsSolid>False</IsSolid>
						<Offset>-5,-5,-5</Offset>
						<Position>8.638267E-06,23.30217,158.8102</Position>
						<Rotation>6.177441,180,0</Rotation>
						<Size>10,10,10</Size>
						<TextureOffset>192,104</TextureOffset>
						<Scale>0</Scale>
						<Part>None</Part>
						<Hidden>False</Hidden>
						<IsArmor>False</IsArmor>
					</Shape>
					<Shape Type="d9e621f7-957f-4b77-b1ae-20dcd0da7751" Name="neck.scale">
						<IsDecorative>False</IsDecorative>
						<IsFixed>False</IsFixed>
						<IsMirrored>False</IsMirrored>
						<IsSolid>False</IsSolid>
						<Offset>-1,-9,-3</Offset>
						<Position>8.638267E-06,23.30217,158.8102</Position>
						<Rotation>6.177441,180,0</Rotation>
						<Size>2,4,6</Size>
						<TextureOffset>48,0</TextureOffset>
						<Scale>0</Scale>
						<Part>None</Part>
						<Hidden>False</Hidden>
						<IsArmor>False</IsArmor>
					</Shape>
					<Shape Type="d9e621f7-957f-4b77-b1ae-20dcd0da7751" Name="neck.box">
						<IsDecorative>False</IsDecorative>
						<IsFixed>False</IsFixed>
						<IsMirrored>False</IsMirrored>
						<IsSolid>False</IsSolid>
						<Offset>-5,-5,-5</Offset>
						<Position>9.507418E-06,24.37825,168.7522</Position>
						<Rotation>3.393143,180,0</Rotation>
						<Size>10,10,10</Size>
						<TextureOffset>192,104</TextureOffset>
						<Scale>0</Scale>
						<Part>None</Part>
						<Hidden>False</Hidden>
						<IsArmor>False</IsArmor>
					</Shape>
					<Shape Type="d9e621f7-957f-4b77-b1ae-20dcd0da7751" Name="neck.scale">
						<IsDecorative>False</IsDecorative>
						<IsFixed>False</IsFixed>
						<IsMirrored>False</IsMirrored>
						<IsSolid>False</IsSolid>
						<Offset>-1,-9,-3</Offset>
						<Position>9.507418E-06,24.37825,168.7522</Position>
						<Rotation>3.393143,180,0</Rotation>
						<Size>2,4,6</Size>
						<TextureOffset>48,0</TextureOffset>
						<Scale>0</Scale>
						<Part>None</Part>
						<Hidden>False</Hidden>
						<IsArmor>False</IsArmor>
					</Shape>
					<Shape Type="d9e621f7-957f-4b77-b1ae-20dcd0da7751" Name="body.body">
						<IsDecorative>False</IsDecorative>
						<IsFixed>False</IsFixed>
						<IsMirrored>False</IsMirrored>
						<IsSolid>False</IsSolid>
						<Offset>-12,0,-16</Offset>
						<Position>0,4,8</Position>
						<Rotation>0,0,0</Rotation>
						<Size>24,24,64</Size>
						<TextureOffset>0,0</TextureOffset>
						<Scale>0</Scale>
						<Part>None</Part>
						<Hidden>False</Hidden>
						<IsArmor>False</IsArmor>
					</Shape>
					<Shape Type="d9e621f7-957f-4b77-b1ae-20dcd0da7751" Name="body.scale">
						<IsDecorative>False</IsDecorative>
						<IsFixed>False</IsFixed>
						<IsMirrored>False</IsMirrored>
						<IsSolid>False</IsSolid>
						<Offset>-1,-6,-10</Offset>
						<Position>0,4,8</Position>
						<Rotation>0,0,0</Rotation>
						<Size>2,6,12</Size>
						<TextureOffset>220,53</TextureOffset>
						<Scale>0</Scale>
						<Part>None</Part>
						<Hidden>False</Hidden>
						<IsArmor>False</IsArmor>
					</Shape>
					<Shape Type="d9e621f7-957f-4b77-b1ae-20dcd0da7751" Name="body.scale">
						<IsDecorative>False</IsDecorative>
						<IsFixed>False</IsFixed>
						<IsMirrored>False</IsMirrored>
						<IsSolid>False</IsSolid>
						<Offset>-1,-6,10</Offset>
						<Position>0,4,8</Position>
						<Rotation>0,0,0</Rotation>
						<Size>2,6,12</Size>
						<TextureOffset>220,53</TextureOffset>
						<Scale>0</Scale>
						<Part>None</Part>
						<Hidden>False</Hidden>
						<IsArmor>False</IsArmor>
					</Shape>
					<Shape Type="d9e621f7-957f-4b77-b1ae-20dcd0da7751" Name="body.scale">
						<IsDecorative>False</IsDecorative>
						<IsFixed>False</IsFixed>
						<IsMirrored>False</IsMirrored>
						<IsSolid>False</IsSolid>
						<Offset>-1,-6,30</Offset>
						<Position>0,4,8</Position>
						<Rotation>0,0,0</Rotation>
						<Size>2,6,12</Size>
						<TextureOffset>220,53</TextureOffset>
						<Scale>0</Scale>
						<Part>None</Part>
						<Hidden>False</Hidden>
						<IsArmor>False</IsArmor>
					</Shape>
					<Shape Type="d9e621f7-957f-4b77-b1ae-20dcd0da7751" Name="rightWing.bone">
						<IsDecorative>False</IsDecorative>
						<IsFixed>False</IsFixed>
						<IsMirrored>False</IsMirrored>
						<IsSolid>False</IsSolid>
						<Offset>-56,-4,-4</Offset>
						<Position>-12,5,2</Position>
						<Rotation>0,0,0</Rotation>
						<Size>56,8,8</Size>
						<TextureOffset>112,88</TextureOffset>
						<Scale>0</Scale>
						<Part>None</Part>
						<Hidden>False</Hidden>
						<IsArmor>False</IsArmor>
					</Shape>
					<Shape Type="d9e621f7-957f-4b77-b1ae-20dcd0da7751" Name="rightWingtip.bone">
						<IsDecorative>False</IsDecorative>
						<IsFixed>False</IsFixed>
						<IsMirrored>False</IsMirrored>
						<IsSolid>False</IsSolid>
						<Offset>-56,-2,-2</Offset>
						<Position>-68,5,2</Position>
						<Rotation>0,0,0</Rotation>
						<Size>56,4,4</Size>
						<TextureOffset>112,136</TextureOffset>
						<Scale>0</Scale>
						<Part>None</Part>
						<Hidden>False</Hidden>
						<IsArmor>False</IsArmor>
					</Shape>
					<Shape Type="d9e621f7-957f-4b77-b1ae-20dcd0da7751" Name="rightWingtip.skin">
						<IsDecorative>False</IsDecorative>
						<IsFixed>False</IsFixed>
						<IsMirrored>False</IsMirrored>
						<IsSolid>False</IsSolid>
						<Offset>-56,0,2</Offset>
						<Position>-68,5,2</Position>
						<Rotation>0,0,0</Rotation>
						<Size>56,0,56</Size>
						<TextureOffset>-56,144</TextureOffset>
						<Scale>0</Scale>
						<Part>None</Part>
						<Hidden>False</Hidden>
						<IsArmor>False</IsArmor>
					</Shape>
					<Shape Type="d9e621f7-957f-4b77-b1ae-20dcd0da7751" Name="rightWing.skin">
						<IsDecorative>False</IsDecorative>
						<IsFixed>False</IsFixed>
						<IsMirrored>False</IsMirrored>
						<IsSolid>False</IsSolid>
						<Offset>-56,0,2</Offset>
						<Position>-12,5,2</Position>
						<Rotation>0,0,0</Rotation>
						<Size>56,0,56</Size>
						<TextureOffset>-56,88</TextureOffset>
						<Scale>0</Scale>
						<Part>None</Part>
						<Hidden>False</Hidden>
						<IsArmor>False</IsArmor>
					</Shape>
					<Shape Type="d9e621f7-957f-4b77-b1ae-20dcd0da7751" Name="leftWing.bone">
						<IsDecorative>False</IsDecorative>
						<IsFixed>False</IsFixed>
						<IsMirrored>True</IsMirrored>
						<IsSolid>False</IsSolid>
						<Offset>56,-4,-4</Offset>
						<Position>-44,5,2</Position>
						<Rotation>0,0,0</Rotation>
						<Size>56,8,8</Size>
						<TextureOffset>112,88</TextureOffset>
						<Scale>0</Scale>
						<Part>None</Part>
						<Hidden>False</Hidden>
						<IsArmor>False</IsArmor>
					</Shape>
					<Shape Type="d9e621f7-957f-4b77-b1ae-20dcd0da7751" Name="leftWingtip.bone">
						<IsDecorative>False</IsDecorative>
						<IsFixed>False</IsFixed>
						<IsMirrored>True</IsMirrored>
						<IsSolid>False</IsSolid>
						<Offset>56,-2,-2</Offset>
						<Position>12,5,2</Position>
						<Rotation>0,0,0</Rotation>
						<Size>56,4,4</Size>
						<TextureOffset>112,136</TextureOffset>
						<Scale>0</Scale>
						<Part>None</Part>
						<Hidden>False</Hidden>
						<IsArmor>False</IsArmor>
					</Shape>
					<Shape Type="d9e621f7-957f-4b77-b1ae-20dcd0da7751" Name="leftWingtip.skin">
						<IsDecorative>False</IsDecorative>
						<IsFixed>False</IsFixed>
						<IsMirrored>True</IsMirrored>
						<IsSolid>False</IsSolid>
						<Offset>56,0,2</Offset>
						<Position>12,5,2</Position>
						<Rotation>0,0,0</Rotation>
						<Size>56,0,56</Size>
						<TextureOffset>-56,144</TextureOffset>
						<Scale>0</Scale>
						<Part>None</Part>
						<Hidden>False</Hidden>
						<IsArmor>False</IsArmor>
					</Shape>
					<Shape Type="d9e621f7-957f-4b77-b1ae-20dcd0da7751" Name="leftWing.skin">
						<IsDecorative>False</IsDecorative>
						<IsFixed>False</IsFixed>
						<IsMirrored>True</IsMirrored>
						<IsSolid>False</IsSolid>
						<Offset>56,0,2</Offset>
						<Position>-44,5,2</Position>
						<Rotation>0,0,0</Rotation>
						<Size>56,0,56</Size>
						<TextureOffset>-56,88</TextureOffset>
						<Scale>0</Scale>
						<Part>None</Part>
						<Hidden>False</Hidden>
						<IsArmor>False</IsArmor>
					</Shape>
					<Shape Type="d9e621f7-957f-4b77-b1ae-20dcd0da7751" Name="leftfrontleg.main">
						<IsDecorative>False</IsDecorative>
						<IsFixed>False</IsFixed>
						<IsMirrored>False</IsMirrored>
						<IsSolid>False</IsSolid>
						<Offset>-4,-4,-4</Offset>
						<Position>-12,20,2</Position>
						<Rotation>74.58253,0,0</Rotation>
						<Size>8,24,8</Size>
						<TextureOffset>112,104</TextureOffset>
						<Scale>0</Scale>
						<Part>None</Part>
						<Hidden>False</Hidden>
						<IsArmor>False</IsArmor>
					</Shape>
					<Shape Type="d9e621f7-957f-4b77-b1ae-20dcd0da7751" Name="leftfrontlegtip.main">
						<IsDecorative>False</IsDecorative>
						<IsFixed>False</IsFixed>
						<IsMirrored>False</IsMirrored>
						<IsSolid>False</IsSolid>
						<Offset>-3,-1,-3</Offset>
						<Position>-12,24,20</Position>
						<Rotation>45.83662,0,0</Rotation>
						<Size>6,24,6</Size>
						<TextureOffset>226,138</TextureOffset>
						<Scale>0</Scale>
						<Part>None</Part>
						<Hidden>False</Hidden>
						<IsArmor>False</IsArmor>
					</Shape>
					<Shape Type="d9e621f7-957f-4b77-b1ae-20dcd0da7751" Name="leftfrontfoot.main">
						<IsDecorative>False</IsDecorative>
						<IsFixed>False</IsFixed>
						<IsMirrored>False</IsMirrored>
						<IsSolid>False</IsSolid>
						<Offset>-4,0,-12</Offset>
						<Position>-12,38,36</Position>
						<Rotation>88.90648,0,0</Rotation>
						<Size>8,4,16</Size>
						<TextureOffset>144,104</TextureOffset>
						<Scale>0</Scale>
						<Part>None</Part>
						<Hidden>False</Hidden>
						<IsArmor>False</IsArmor>
					</Shape>
					<Shape Type="d9e621f7-957f-4b77-b1ae-20dcd0da7751" Name="leftrearleg.main">
						<IsDecorative>False</IsDecorative>
						<IsFixed>False</IsFixed>
						<IsMirrored>False</IsMirrored>
						<IsSolid>False</IsSolid>
						<Offset>-8,-4,-8</Offset>
						<Position>-16,16,42</Position>
						<Rotation>57.3938,0,0</Rotation>
						<Size>16,32,16</Size>
						<TextureOffset>0,0</TextureOffset>
						<Scale>0</Scale>
						<Part>None</Part>
						<Hidden>False</Hidden>
						<IsArmor>False</IsArmor>
					</Shape>
					<Shape Type="d9e621f7-957f-4b77-b1ae-20dcd0da7751" Name="leftrearlegtip.main">
						<IsDecorative>False</IsDecorative>
						<IsFixed>False</IsFixed>
						<IsMirrored>False</IsMirrored>
						<IsSolid>False</IsSolid>
						<Offset>-6,-2,0</Offset>
						<Position>-16,37,64</Position>
						<Rotation>86.13972,0,0</Rotation>
						<Size>12,32,12</Size>
						<TextureOffset>196,0</TextureOffset>
						<Scale>0</Scale>
						<Part>None</Part>
						<Hidden>False</Hidden>
						<IsArmor>False</IsArmor>
					</Shape>
					<Shape Type="d9e621f7-957f-4b77-b1ae-20dcd0da7751" Name="leftrearfoot.main">
						<IsDecorative>False</IsDecorative>
						<IsFixed>False</IsFixed>
						<IsMirrored>False</IsMirrored>
						<IsSolid>False</IsSolid>
						<Offset>-9,0,-20</Offset>
						<Position>-16,37,94</Position>
						<Rotation>129.2096,0,0</Rotation>
						<Size>18,6,24</Size>
						<TextureOffset>112,0</TextureOffset>
						<Scale>0</Scale>
						<Part>None</Part>
						<Hidden>False</Hidden>
						<IsArmor>False</IsArmor>
					</Shape>
					<Shape Type="d9e621f7-957f-4b77-b1ae-20dcd0da7751" Name="rightfrontleg.main">
						<IsDecorative>False</IsDecorative>
						<IsFixed>False</IsFixed>
						<IsMirrored>True</IsMirrored>
						<IsSolid>False</IsSolid>
						<Offset>-4,-4,-4</Offset>
						<Position>12,20,2</Position>
						<Rotation>74.58253,0,0</Rotation>
						<Size>8,24,8</Size>
						<TextureOffset>112,104</TextureOffset>
						<Scale>0</Scale>
						<Part>None</Part>
						<Hidden>False</Hidden>
						<IsArmor>False</IsArmor>
					</Shape>
					<Shape Type="d9e621f7-957f-4b77-b1ae-20dcd0da7751" Name="rightfrontlegtip.main">
						<IsDecorative>False</IsDecorative>
						<IsFixed>False</IsFixed>
						<IsMirrored>True</IsMirrored>
						<IsSolid>False</IsSolid>
						<Offset>-3,-1,-3</Offset>
						<Position>12,24,20</Position>
						<Rotation>45.83662,0,0</Rotation>
						<Size>6,24,6</Size>
						<TextureOffset>226,138</TextureOffset>
						<Scale>0</Scale>
						<Part>None</Part>
						<Hidden>False</Hidden>
						<IsArmor>False</IsArmor>
					</Shape>
					<Shape Type="d9e621f7-957f-4b77-b1ae-20dcd0da7751" Name="rightfrontfoot.main">
						<IsDecorative>False</IsDecorative>
						<IsFixed>False</IsFixed>
						<IsMirrored>True</IsMirrored>
						<IsSolid>False</IsSolid>
						<Offset>-4,0,-12</Offset>
						<Position>12,38,36</Position>
						<Rotation>88.90648,0,0</Rotation>
						<Size>8,4,16</Size>
						<TextureOffset>144,104</TextureOffset>
						<Scale>0</Scale>
						<Part>None</Part>
						<Hidden>False</Hidden>
						<IsArmor>False</IsArmor>
					</Shape>
					<Shape Type="d9e621f7-957f-4b77-b1ae-20dcd0da7751" Name="rightrearleg.main">
						<IsDecorative>False</IsDecorative>
						<IsFixed>False</IsFixed>
						<IsMirrored>True</IsMirrored>
						<IsSolid>False</IsSolid>
						<Offset>-8,-4,-8</Offset>
						<Position>16,16,42</Position>
						<Rotation>57.3938,0,0</Rotation>
						<Size>16,32,16</Size>
						<TextureOffset>0,0</TextureOffset>
						<Scale>0</Scale>
						<Part>None</Part>
						<Hidden>False</Hidden>
						<IsArmor>False</IsArmor>
					</Shape>
					<Shape Type="d9e621f7-957f-4b77-b1ae-20dcd0da7751" Name="rightrearlegtip.main">
						<IsDecorative>False</IsDecorative>
						<IsFixed>False</IsFixed>
						<IsMirrored>True</IsMirrored>
						<IsSolid>False</IsSolid>
						<Offset>-6,-2,0</Offset>
						<Position>16,37,64</Position>
						<Rotation>86.13972,0,0</Rotation>
						<Size>12,32,12</Size>
						<TextureOffset>196,0</TextureOffset>
						<Scale>0</Scale>
						<Part>None</Part>
						<Hidden>False</Hidden>
						<IsArmor>False</IsArmor>
					</Shape>
					<Shape Type="d9e621f7-957f-4b77-b1ae-20dcd0da7751" Name="rightrearfoot.main">
						<IsDecorative>False</IsDecorative>
						<IsFixed>False</IsFixed>
						<IsMirrored>True</IsMirrored>
						<IsSolid>False</IsSolid>
						<Offset>-9,0,-20</Offset>
						<Position>16,37,94</Position>
						<Rotation>129.2096,0,0</Rotation>
						<Size>18,6,24</Size>
						<TextureOffset>112,0</TextureOffset>
						<Scale>0</Scale>
						<Part>None</Part>
						<Hidden>False</Hidden>
						<IsArmor>False</IsArmor>
					</Shape>
				</Folder>
			</Geometry>
			<TextureSize>256,256</TextureSize>
		</Model>
	</Models>
	<Name>Dragon</Name>
</Techne>