﻿<Techne Version="2.2">
	<Author>Mojang</Author>
	<Identifier>geometry.shulker_bullet</Identifier>
	<DisplayName>Shulker Bullet</DisplayName>
	<Description>Compiled from Minecraft source. Mojang pls don't sue :(</Description>
	<Models>
		<Model Texture="none.png">
			<BaseClass>ModelBase</BaseClass>
			<Name>Shulker Bullet</Name>
			<Geometry>
				<Folder Type="f8bf7d5b-37bf-455b-93f9-b6f9e81620e1" Name="Model">
					<Shape Type="d9e621f7-957f-4b77-b1ae-20dcd0da7751" Name="Bullet Piece">
						<IsDecorative>False</IsDecorative>
						<IsFixed>False</IsFixed>
						<IsMirrored>False</IsMirrored>
						<IsSolid>False</IsSolid>
						<Offset>-4,-4,-1</Offset>
						<Position>0,0,0</Position>
						<Rotation>0,0,0</Rotation>
						<Size>8,8,2</Size>
						<TextureOffset>0,0</TextureOffset>
						<Scale>0</Scale>
						<Part>None</Part>
						<Hidden>False</Hidden>
						<IsArmor>False</IsArmor>
					</Shape>
					<Shape Type="d9e621f7-957f-4b77-b1ae-20dcd0da7751" Name="Bullet Piece">
						<IsDecorative>False</IsDecorative>
						<IsFixed>False</IsFixed>
						<IsMirrored>False</IsMirrored>
						<IsSolid>False</IsSolid>
						<Offset>-1,-4,-4</Offset>
						<Position>0,0,0</Position>
						<Rotation>0,0,0</Rotation>
						<Size>2,8,8</Size>
						<TextureOffset>0,10</TextureOffset>
						<Scale>0</Scale>
						<Part>None</Part>
						<Hidden>False</Hidden>
						<IsArmor>False</IsArmor>
					</Shape>
					<Shape Type="d9e621f7-957f-4b77-b1ae-20dcd0da7751" Name="Bullet Piece">
						<IsDecorative>False</IsDecorative>
						<IsFixed>False</IsFixed>
						<IsMirrored>False</IsMirrored>
						<IsSolid>False</IsSolid>
						<Offset>-4,-1,-4</Offset>
						<Position>0,0,0</Position>
						<Rotation>0,0,0</Rotation>
						<Size>8,2,8</Size>
						<TextureOffset>20,0</TextureOffset>
						<Scale>0</Scale>
						<Part>None</Part>
						<Hidden>False</Hidden>
						<IsArmor>False</IsArmor>
					</Shape>
				</Folder>
			</Geometry>
			<TextureSize>64,32</TextureSize>
		</Model>
	</Models>
	<Name>Shulker Bullet</Name>
</Techne>