﻿<Techne Version="2.2">
	<Author>Mojang</Author>
	<Identifier>geometry.silverfish</Identifier>
	<DisplayName>Silverfish</DisplayName>
	<Description>Compiled from Minecraft source. Mojang pls don't sue :(</Description>
	<Models>
		<Model Texture="none.png">
			<BaseClass>ModelBase</BaseClass>
			<Name>Silverfish</Name>
			<Geometry>
				<Folder Type="f8bf7d5b-37bf-455b-93f9-b6f9e81620e1" Name="Model">
					<Shape Type="d9e621f7-957f-4b77-b1ae-20dcd0da7751" Name="Body 0">
						<IsDecorative>False</IsDecorative>
						<IsFixed>False</IsFixed>
						<IsMirrored>False</IsMirrored>
						<IsSolid>False</IsSolid>
						<Offset>-1.5,0,-1</Offset>
						<Position>0,22,-3.5</Position>
						<Rotation>0,27,0</Rotation>
						<Size>3,2,2</Size>
						<TextureOffset>0,0</TextureOffset>
						<Scale>0</Scale>
						<Part>None</Part>
						<Hidden>False</Hidden>
						<IsArmor>False</IsArmor>
					</Shape>
					<Shape Type="d9e621f7-957f-4b77-b1ae-20dcd0da7751" Name="Body 1">
						<IsDecorative>False</IsDecorative>
						<IsFixed>False</IsFixed>
						<IsMirrored>False</IsMirrored>
						<IsSolid>False</IsSolid>
						<Offset>-2,0,-1</Offset>
						<Position>0.2852507,21,-1.5</Position>
						<Rotation>0,16.03812,0</Rotation>
						<Size>4,3,2</Size>
						<TextureOffset>0,4</TextureOffset>
						<Scale>0</Scale>
						<Part>None</Part>
						<Hidden>False</Hidden>
						<IsArmor>False</IsArmor>
					</Shape>
					<Shape Type="d9e621f7-957f-4b77-b1ae-20dcd0da7751" Name="Body 2">
						<IsDecorative>False</IsDecorative>
						<IsFixed>False</IsFixed>
						<IsMirrored>False</IsMirrored>
						<IsSolid>False</IsSolid>
						<Offset>-3,0,-1.5</Offset>
						<Position>0,20,1</Position>
						<Rotation>0,5.290067,0</Rotation>
						<Size>6,4,3</Size>
						<TextureOffset>0,9</TextureOffset>
						<Scale>0</Scale>
						<Part>None</Part>
						<Hidden>False</Hidden>
						<IsArmor>False</IsArmor>
					</Shape>
					<Shape Type="d9e621f7-957f-4b77-b1ae-20dcd0da7751" Name="Body 3">
						<IsDecorative>False</IsDecorative>
						<IsFixed>False</IsFixed>
						<IsMirrored>False</IsMirrored>
						<IsSolid>False</IsSolid>
						<Offset>-1.5,0,-1.5</Offset>
						<Position>0.6205829,21,4</Position>
						<Rotation>0,2.815819,0</Rotation>
						<Size>3,3,3</Size>
						<TextureOffset>0,16</TextureOffset>
						<Scale>0</Scale>
						<Part>None</Part>
						<Hidden>False</Hidden>
						<IsArmor>False</IsArmor>
					</Shape>
					<Shape Type="d9e621f7-957f-4b77-b1ae-20dcd0da7751" Name="Body 4">
						<IsDecorative>False</IsDecorative>
						<IsFixed>False</IsFixed>
						<IsMirrored>False</IsMirrored>
						<IsSolid>False</IsSolid>
						<Offset>-1,0,-1.5</Offset>
						<Position>1.195133,22,7</Position>
						<Rotation>0,-8.343463,0</Rotation>
						<Size>2,2,3</Size>
						<TextureOffset>0,22</TextureOffset>
						<Scale>0</Scale>
						<Part>None</Part>
						<Hidden>False</Hidden>
						<IsArmor>False</IsArmor>
					</Shape>
					<Shape Type="d9e621f7-957f-4b77-b1ae-20dcd0da7751" Name="Body 5">
						<IsDecorative>False</IsDecorative>
						<IsFixed>False</IsFixed>
						<IsMirrored>False</IsMirrored>
						<IsSolid>False</IsSolid>
						<Offset>-1,0,-1</Offset>
						<Position>1.332865,23,9.5</Position>
						<Rotation>0,-25.45585,0</Rotation>
						<Size>2,1,2</Size>
						<TextureOffset>11,0</TextureOffset>
						<Scale>0</Scale>
						<Part>None</Part>
						<Hidden>False</Hidden>
						<IsArmor>False</IsArmor>
					</Shape>
					<Shape Type="d9e621f7-957f-4b77-b1ae-20dcd0da7751" Name="Body 6">
						<IsDecorative>False</IsDecorative>
						<IsFixed>False</IsFixed>
						<IsMirrored>False</IsMirrored>
						<IsSolid>False</IsSolid>
						<Offset>-0.5,0,-1</Offset>
						<Position>0.7766439,23,11.5</Position>
						<Rotation>0,-42.79755,0</Rotation>
						<Size>1,1,2</Size>
						<TextureOffset>13,4</TextureOffset>
						<Scale>0</Scale>
						<Part>None</Part>
						<Hidden>False</Hidden>
						<IsArmor>False</IsArmor>
					</Shape>
					<Shape Type="d9e621f7-957f-4b77-b1ae-20dcd0da7751" Name="Wings 0">
						<IsDecorative>False</IsDecorative>
						<IsFixed>False</IsFixed>
						<IsMirrored>False</IsMirrored>
						<IsSolid>False</IsSolid>
						<Offset>-5,0,-1.5</Offset>
						<Position>0,16,1</Position>
						<Rotation>0,5.290067,0</Rotation>
						<Size>10,8,3</Size>
						<TextureOffset>20,0</TextureOffset>
						<Scale>0</Scale>
						<Part>None</Part>
						<Hidden>False</Hidden>
						<IsArmor>False</IsArmor>
					</Shape>
					<Shape Type="d9e621f7-957f-4b77-b1ae-20dcd0da7751" Name="Wings 1">
						<IsDecorative>False</IsDecorative>
						<IsFixed>False</IsFixed>
						<IsMirrored>False</IsMirrored>
						<IsSolid>False</IsSolid>
						<Offset>-3,0,-1.5</Offset>
						<Position>1.195133,20,7</Position>
						<Rotation>0,-8.343463,0</Rotation>
						<Size>6,4,3</Size>
						<TextureOffset>20,11</TextureOffset>
						<Scale>0</Scale>
						<Part>None</Part>
						<Hidden>False</Hidden>
						<IsArmor>False</IsArmor>
					</Shape>
					<Shape Type="d9e621f7-957f-4b77-b1ae-20dcd0da7751" Name="Wings 2">
						<IsDecorative>False</IsDecorative>
						<IsFixed>False</IsFixed>
						<IsMirrored>False</IsMirrored>
						<IsSolid>False</IsSolid>
						<Offset>-3,0,-1.5</Offset>
						<Position>0.2852507,19,-1.5</Position>
						<Rotation>0,16.03812,0</Rotation>
						<Size>6,5,2</Size>
						<TextureOffset>20,18</TextureOffset>
						<Scale>0</Scale>
						<Part>None</Part>
						<Hidden>False</Hidden>
						<IsArmor>False</IsArmor>
					</Shape>
				</Folder>
			</Geometry>
			<TextureSize>64,32</TextureSize>
		</Model>
	</Models>
	<Name>Silverfish</Name>
</Techne>