﻿<Techne Version="2.2">
	<Author>Mojang</Author>
	<Identifier>geometry.witch</Identifier>
	<DisplayName>Witch</DisplayName>
	<Description>Compiled from Minecraft source. Mojang pls don't sue :(</Description>
	<Models>
		<Model Texture="none.png">
			<BaseClass>ModelBase</BaseClass>
			<Name>Witch</Name>
			<Geometry>
				<Folder Type="f8bf7d5b-37bf-455b-93f9-b6f9e81620e1" Name="Model">
					<Shape Type="d9e621f7-957f-4b77-b1ae-20dcd0da7751" Name="Head">
						<IsDecorative>False</IsDecorative>
						<IsFixed>False</IsFixed>
						<IsMirrored>False</IsMirrored>
						<IsSolid>False</IsSolid>
						<Offset>-4,-10,-4</Offset>
						<Position>0,0,0</Position>
						<Rotation>0,0,0</Rotation>
						<Size>8,10,8</Size>
						<TextureOffset>0,0</TextureOffset>
						<Scale>0</Scale>
						<Part>Head</Part>
						<Hidden>False</Hidden>
						<IsArmor>False</IsArmor>
					</Shape>
					<Shape Type="d9e621f7-957f-4b77-b1ae-20dcd0da7751" Name="Nose">
						<IsDecorative>False</IsDecorative>
						<IsFixed>False</IsFixed>
						<IsMirrored>False</IsMirrored>
						<IsSolid>False</IsSolid>
						<Offset>-1,-1,-6</Offset>
						<Position>0,-2,0</Position>
						<Rotation>0,0,2.5</Rotation>
						<Size>2,4,2</Size>
						<TextureOffset>24,0</TextureOffset>
						<Scale>0</Scale>
						<Part>Head</Part>
						<Hidden>False</Hidden>
						<IsArmor>False</IsArmor>
					</Shape>
					<Shape Type="d9e621f7-957f-4b77-b1ae-20dcd0da7751" Name="Wart">
						<IsDecorative>False</IsDecorative>
						<IsFixed>False</IsFixed>
						<IsMirrored>False</IsMirrored>
						<IsSolid>False</IsSolid>
						<Offset>0,3,-6.75</Offset>
						<Position>0,-4,0</Position>
						<Rotation>0,0,2.5</Rotation>
						<Size>1,1,1</Size>
						<TextureOffset>0,0</TextureOffset>
						<Scale>-0.25</Scale>
						<Part>Head</Part>
						<Hidden>False</Hidden>
						<IsArmor>False</IsArmor>
					</Shape>
					<Shape Type="d9e621f7-957f-4b77-b1ae-20dcd0da7751" Name="Hat Base">
						<IsDecorative>False</IsDecorative>
						<IsFixed>False</IsFixed>
						<IsMirrored>False</IsMirrored>
						<IsSolid>False</IsSolid>
						<Offset>0,0,0</Offset>
						<Position>-5,-10.03125,-5</Position>
						<Rotation>0,0,0</Rotation>
						<Size>10,2,10</Size>
						<TextureOffset>0,64</TextureOffset>
						<Scale>0</Scale>
						<Part>Helmet</Part>
						<Hidden>False</Hidden>
						<IsArmor>False</IsArmor>
					</Shape>
					<Shape Type="d9e621f7-957f-4b77-b1ae-20dcd0da7751" Name="Hat Piece">
						<IsDecorative>False</IsDecorative>
						<IsFixed>False</IsFixed>
						<IsMirrored>False</IsMirrored>
						<IsSolid>False</IsSolid>
						<Offset>0,0,0</Offset>
						<Position>-3.25,-14.03125,-3</Position>
						<Rotation>-3,0,1.5</Rotation>
						<Size>7,4,7</Size>
						<TextureOffset>0,76</TextureOffset>
						<Scale>0</Scale>
						<Part>Helmet</Part>
						<Hidden>False</Hidden>
						<IsArmor>False</IsArmor>
					</Shape>
					<Shape Type="d9e621f7-957f-4b77-b1ae-20dcd0da7751" Name="Hat Piece">
						<IsDecorative>False</IsDecorative>
						<IsFixed>False</IsFixed>
						<IsMirrored>False</IsMirrored>
						<IsSolid>False</IsSolid>
						<Offset>0,0,0</Offset>
						<Position>-1.5,-18.03125,-1</Position>
						<Rotation>-9,0,4.5</Rotation>
						<Size>4,4,4</Size>
						<TextureOffset>0,87</TextureOffset>
						<Scale>0</Scale>
						<Part>Helmet</Part>
						<Hidden>False</Hidden>
						<IsArmor>False</IsArmor>
					</Shape>
					<Shape Type="d9e621f7-957f-4b77-b1ae-20dcd0da7751" Name="Hat Piece">
						<IsDecorative>False</IsDecorative>
						<IsFixed>False</IsFixed>
						<IsMirrored>False</IsMirrored>
						<IsSolid>False</IsSolid>
						<Offset>0,0,0</Offset>
						<Position>0.25,-20.03125,1</Position>
						<Rotation>-21,0,10.5</Rotation>
						<Size>1,2,1</Size>
						<TextureOffset>0,95</TextureOffset>
						<Scale>0.25</Scale>
						<Part>Helmet</Part>
						<Hidden>False</Hidden>
						<IsArmor>False</IsArmor>
					</Shape>
					<Shape Type="d9e621f7-957f-4b77-b1ae-20dcd0da7751" Name="Body">
						<IsDecorative>False</IsDecorative>
						<IsFixed>False</IsFixed>
						<IsMirrored>False</IsMirrored>
						<IsSolid>False</IsSolid>
						<Offset>-4,0,-3</Offset>
						<Position>0,0,0</Position>
						<Rotation>0,0,0</Rotation>
						<Size>8,12,6</Size>
						<TextureOffset>16,20</TextureOffset>
						<Scale>0</Scale>
						<Part>Chest</Part>
						<Hidden>False</Hidden>
						<IsArmor>False</IsArmor>
					</Shape>
					<Shape Type="d9e621f7-957f-4b77-b1ae-20dcd0da7751" Name="Cloak">
						<IsDecorative>False</IsDecorative>
						<IsFixed>False</IsFixed>
						<IsMirrored>False</IsMirrored>
						<IsSolid>False</IsSolid>
						<Offset>-4,0,-3</Offset>
						<Position>0,0,0</Position>
						<Rotation>0,0,0</Rotation>
						<Size>8,18,6</Size>
						<TextureOffset>0,38</TextureOffset>
						<Scale>0.5</Scale>
						<Part>Chest</Part>
						<Hidden>False</Hidden>
						<IsArmor>False</IsArmor>
					</Shape>
					<Shape Type="d9e621f7-957f-4b77-b1ae-20dcd0da7751" Name="Arms Right">
						<IsDecorative>False</IsDecorative>
						<IsFixed>False</IsFixed>
						<IsMirrored>False</IsMirrored>
						<IsSolid>False</IsSolid>
						<Offset>-8,-2,-2</Offset>
						<Position>0,3,-1</Position>
						<Rotation>-42.97183,0,0</Rotation>
						<Size>4,8,4</Size>
						<TextureOffset>44,22</TextureOffset>
						<Scale>0</Scale>
						<Part>LeftArm</Part>
						<Hidden>False</Hidden>
						<IsArmor>False</IsArmor>
					</Shape>
					<Shape Type="d9e621f7-957f-4b77-b1ae-20dcd0da7751" Name="Arms Left">
						<IsDecorative>False</IsDecorative>
						<IsFixed>False</IsFixed>
						<IsMirrored>False</IsMirrored>
						<IsSolid>False</IsSolid>
						<Offset>4,-2,-2</Offset>
						<Position>0,3,-1</Position>
						<Rotation>-42.97183,0,0</Rotation>
						<Size>4,8,4</Size>
						<TextureOffset>44,22</TextureOffset>
						<Scale>0</Scale>
						<Part>LeftArm</Part>
						<Hidden>False</Hidden>
						<IsArmor>False</IsArmor>
					</Shape>
					<Shape Type="d9e621f7-957f-4b77-b1ae-20dcd0da7751" Name="Arms Center">
						<IsDecorative>False</IsDecorative>
						<IsFixed>False</IsFixed>
						<IsMirrored>False</IsMirrored>
						<IsSolid>False</IsSolid>
						<Offset>-4,2,-2</Offset>
						<Position>0,3,-1</Position>
						<Rotation>-42.97183,0,0</Rotation>
						<Size>8,4,4</Size>
						<TextureOffset>40,38</TextureOffset>
						<Scale>0</Scale>
						<Part>LeftArm</Part>
						<Hidden>False</Hidden>
						<IsArmor>False</IsArmor>
					</Shape>
					<Shape Type="d9e621f7-957f-4b77-b1ae-20dcd0da7751" Name="Right Leg">
						<IsDecorative>False</IsDecorative>
						<IsFixed>False</IsFixed>
						<IsMirrored>False</IsMirrored>
						<IsSolid>False</IsSolid>
						<Offset>-2,0,-2</Offset>
						<Position>-2,12,0</Position>
						<Rotation>0,0,0</Rotation>
						<Size>4,12,4</Size>
						<TextureOffset>0,22</TextureOffset>
						<Scale>0</Scale>
						<Part>RightLeg</Part>
						<Hidden>False</Hidden>
						<IsArmor>False</IsArmor>
					</Shape>
					<Shape Type="d9e621f7-957f-4b77-b1ae-20dcd0da7751" Name="Left Leg">
						<IsDecorative>False</IsDecorative>
						<IsFixed>False</IsFixed>
						<IsMirrored>True</IsMirrored>
						<IsSolid>False</IsSolid>
						<Offset>-2,0,-2</Offset>
						<Position>2,12,0</Position>
						<Rotation>0,0,0</Rotation>
						<Size>4,12,4</Size>
						<TextureOffset>0,22</TextureOffset>
						<Scale>0</Scale>
						<Part>LeftLeg</Part>
						<Hidden>False</Hidden>
						<IsArmor>False</IsArmor>
					</Shape>
				</Folder>
			</Geometry>
			<TextureSize>64,128</TextureSize>
		</Model>
	</Models>
	<Name>Witch</Name>
</Techne>