{
  "format_version": "1.16.0",
  "display_name" : "Trident",
  "minecraft:geometry": [
    {
      "description": {
        "identifier": "geometry.trident",
        "texture_width": 32,
        "texture_height": 32
      },
      "bones": [
        {
          "name": "pole",
          "binding": "q.item_slot_to_bone_name(c.item_slot)",
          "pivot": [ 0.0, 24.0, 0.0 ],
          "cubes": [
            {
              "origin": [ -0.5, -3.0, -0.5 ],
              "size": [ 1.0, 31.0, 1.0 ],
              "inflate": 0.01,
              "uv": [ 0, 0 ]
            },
            {
              "origin": [ -1.5, 22.0, -0.5 ],
              "size": [ 3.0, 2.0, 1.0 ],
              "uv": [ 4, 0 ]
            },
            {
              "origin": [ -2.5, 23.0, -0.5 ],
              "size": [ 1.0, 4.0, 1.0 ],
              "uv": [ 4, 3 ]
            },
            {
              "origin": [ 1.5, 23.0, -0.5 ],
              "size": [ 1.0, 4.0, 1.0 ],
              "uv": [ 4, 3 ]
            }
          ]
        }
      ]
    }
  ]
}
