﻿<Techne Version="2.2">
	<Author>Mojang</Author>
	<Identifier>geometry.humanoid.customSlim</Identifier>
	<DisplayName>Alex</DisplayName>
	<Description>Compiled from Minecraft source. Mojang pls don't sue :(</Description>
	<Models>
		<Model Texture="none.png">
			<BaseClass>ModelBase</BaseClass>
			<Name>Alex</Name>
			<Geometry>
				<Folder Type="f8bf7d5b-37bf-455b-93f9-b6f9e81620e1" Name="Model">
					<Shape Type="d9e621f7-957f-4b77-b1ae-20dcd0da7751" Name="Head">
						<IsDecorative>False</IsDecorative>
						<IsFixed>False</IsFixed>
						<IsMirrored>False</IsMirrored>
						<IsSolid>True</IsSolid>
						<Offset>-4,-8,-4</Offset>
						<Position>0,0,0</Position>
						<Rotation>0,0,0</Rotation>
						<Size>8,8,8</Size>
						<TextureOffset>0,0</TextureOffset>
						<Scale>0</Scale>
						<Part>Head</Part>
						<Hidden>False</Hidden>
						<IsArmor>False</IsArmor>
					</Shape>
					<Shape Type="d9e621f7-957f-4b77-b1ae-20dcd0da7751" Name="Headwear">
						<IsDecorative>False</IsDecorative>
						<IsFixed>False</IsFixed>
						<IsMirrored>False</IsMirrored>
						<IsSolid>False</IsSolid>
						<Offset>-4,-8,-4</Offset>
						<Position>0,0,0</Position>
						<Rotation>0,0,0</Rotation>
						<Size>8,8,8</Size>
						<TextureOffset>32,0</TextureOffset>
						<Scale>0.5</Scale>
						<Part>Helmet</Part>
						<Hidden>False</Hidden>
						<IsArmor>True</IsArmor>
					</Shape>
					<Shape Type="d9e621f7-957f-4b77-b1ae-20dcd0da7751" Name="Body">
						<IsDecorative>False</IsDecorative>
						<IsFixed>False</IsFixed>
						<IsMirrored>False</IsMirrored>
						<IsSolid>True</IsSolid>
						<Offset>-4,0,-2</Offset>
						<Position>0,0,0</Position>
						<Rotation>0,0,0</Rotation>
						<Size>8,12,4</Size>
						<TextureOffset>16,16</TextureOffset>
						<Scale>0</Scale>
						<Part>Chest</Part>
						<Hidden>False</Hidden>
						<IsArmor>False</IsArmor>
					</Shape>
					<Shape Type="d9e621f7-957f-4b77-b1ae-20dcd0da7751" Name="Right Leg">
						<IsDecorative>False</IsDecorative>
						<IsFixed>False</IsFixed>
						<IsMirrored>False</IsMirrored>
						<IsSolid>True</IsSolid>
						<Offset>-2,0,-2</Offset>
						<Position>-1.9,12,0.1</Position>
						<Rotation>0,0,0</Rotation>
						<Size>4,12,4</Size>
						<TextureOffset>0,16</TextureOffset>
						<Scale>0</Scale>
						<Part>RightLeg</Part>
						<Hidden>False</Hidden>
						<IsArmor>False</IsArmor>
					</Shape>
					<Shape Type="d9e621f7-957f-4b77-b1ae-20dcd0da7751" Name="Right Arm">
						<IsDecorative>False</IsDecorative>
						<IsFixed>False</IsFixed>
						<IsMirrored>False</IsMirrored>
						<IsSolid>True</IsSolid>
						<Offset>-2,-2,-2</Offset>
						<Position>-5,2.5,0</Position>
						<Rotation>0,0,0</Rotation>
						<Size>3,12,4</Size>
						<TextureOffset>40,16</TextureOffset>
						<Scale>0</Scale>
						<Part>RightArm</Part>
						<Hidden>False</Hidden>
						<IsArmor>False</IsArmor>
					</Shape>
					<Shape Type="d9e621f7-957f-4b77-b1ae-20dcd0da7751" Name="Left Arm">
						<IsDecorative>False</IsDecorative>
						<IsFixed>False</IsFixed>
						<IsMirrored>False</IsMirrored>
						<IsSolid>True</IsSolid>
						<Offset>-1,-2,-2</Offset>
						<Position>5,2.5,0</Position>
						<Rotation>0,0,0</Rotation>
						<Size>3,12,4</Size>
						<TextureOffset>32,48</TextureOffset>
						<Scale>0</Scale>
						<Part>LeftArm</Part>
						<Hidden>False</Hidden>
						<IsArmor>False</IsArmor>
					</Shape>
					<Shape Type="d9e621f7-957f-4b77-b1ae-20dcd0da7751" Name="Left Armwear">
						<IsDecorative>False</IsDecorative>
						<IsFixed>False</IsFixed>
						<IsMirrored>False</IsMirrored>
						<IsSolid>False</IsSolid>
						<Offset>-1,-2,-2</Offset>
						<Position>5,2.5,0</Position>
						<Rotation>0,0,0</Rotation>
						<Size>3,12,4</Size>
						<TextureOffset>48,48</TextureOffset>
						<Scale>0.25</Scale>
						<Part>LeftArmArmor</Part>
						<Hidden>False</Hidden>
						<IsArmor>True</IsArmor>
					</Shape>
					<Shape Type="d9e621f7-957f-4b77-b1ae-20dcd0da7751" Name="Right Armwear">
						<IsDecorative>False</IsDecorative>
						<IsFixed>False</IsFixed>
						<IsMirrored>False</IsMirrored>
						<IsSolid>False</IsSolid>
						<Offset>-2,-2,-2</Offset>
						<Position>-5,2.5,0</Position>
						<Rotation>0,0,0</Rotation>
						<Size>3,12,4</Size>
						<TextureOffset>40,32</TextureOffset>
						<Scale>0.25</Scale>
						<Part>RightArmArmor</Part>
						<Hidden>False</Hidden>
						<IsArmor>True</IsArmor>
					</Shape>
					<Shape Type="d9e621f7-957f-4b77-b1ae-20dcd0da7751" Name="Left Leg">
						<IsDecorative>False</IsDecorative>
						<IsFixed>False</IsFixed>
						<IsMirrored>False</IsMirrored>
						<IsSolid>True</IsSolid>
						<Offset>-2,0,-2</Offset>
						<Position>1.9,12,0.1</Position>
						<Rotation>0,0,0</Rotation>
						<Size>4,12,4</Size>
						<TextureOffset>16,48</TextureOffset>
						<Scale>0</Scale>
						<Part>LeftLeg</Part>
						<Hidden>False</Hidden>
						<IsArmor>False</IsArmor>
					</Shape>
					<Shape Type="d9e621f7-957f-4b77-b1ae-20dcd0da7751" Name="Left Legwear">
						<IsDecorative>False</IsDecorative>
						<IsFixed>False</IsFixed>
						<IsMirrored>False</IsMirrored>
						<IsSolid>False</IsSolid>
						<Offset>-2,0,-2</Offset>
						<Position>1.9,12,0.1</Position>
						<Rotation>0,0,0</Rotation>
						<Size>4,12,4</Size>
						<TextureOffset>0,48</TextureOffset>
						<Scale>0.25</Scale>
						<Part>LeftLegArmor</Part>
						<Hidden>False</Hidden>
						<IsArmor>True</IsArmor>
					</Shape>
					<Shape Type="d9e621f7-957f-4b77-b1ae-20dcd0da7751" Name="Right Legwear">
						<IsDecorative>False</IsDecorative>
						<IsFixed>False</IsFixed>
						<IsMirrored>False</IsMirrored>
						<IsSolid>False</IsSolid>
						<Offset>-2,0,-2</Offset>
						<Position>-1.9,12,0.1</Position>
						<Rotation>0,0,0</Rotation>
						<Size>4,12,4</Size>
						<TextureOffset>0,32</TextureOffset>
						<Scale>0.25</Scale>
						<Part>RightLegArmor</Part>
						<Hidden>False</Hidden>
						<IsArmor>True</IsArmor>
					</Shape>
					<Shape Type="d9e621f7-957f-4b77-b1ae-20dcd0da7751" Name="Bodywear">
						<IsDecorative>False</IsDecorative>
						<IsFixed>False</IsFixed>
						<IsMirrored>False</IsMirrored>
						<IsSolid>False</IsSolid>
						<Offset>-4,0,-2</Offset>
						<Position>0,0,0</Position>
						<Rotation>0,0,0</Rotation>
						<Size>8,12,4</Size>
						<TextureOffset>16,32</TextureOffset>
						<Scale>0.25</Scale>
						<Part>ChestArmor</Part>
						<Hidden>False</Hidden>
						<IsArmor>True</IsArmor>
					</Shape>
				</Folder>
			</Geometry>
			<TextureSize>64,64</TextureSize>
		</Model>
	</Models>
	<Name>Alex</Name>
</Techne>