{
	"format_version" : "1.12.0",
	"display_name" : "Bed",
	"geometry.bed": {
		"visible_bounds_width": 1,
		"visible_bounds_height": 1,
		"visible_bounds_offset": [ 0, 0.5, 0 ],
		"bones": [
		  {
			"pivot": [ 0.0, 24.0, 0.0 ],
			"cubes": [
			  {
				"origin": [ 0.0, 0.0, 0.0 ],
				"size": [ 16.0, 32.0, 6.0 ],
				"uv": [ 0.0, 0.0 ]
			  },
			  {
				"origin": [ 3.0, 31.0, 6.0 ],
				"size": [ 10.0, 1.0, 3.0 ],
				"uv": [ 38.0, 2.0 ]
			  },
			  {
				"origin": [ 3.0, 0.0, 6.0 ],
				"size": [ 10.0, 1.0, 3.0 ],
				"uv": [ 38.0, 38.0 ]
			  },
			  {
				"origin": [ 15.0, 3.0, 6.0 ],
				"size": [ 1.0, 26.0, 3.0 ],
				"uv": [ 52.0, 6.0 ]
			  },
			  {
				"origin": [ 0.0, 3.0, 6.0 ],
				"size": [ 1.0, 26.0, 3.0 ],
				"uv": [ 44.0, 6.0 ]
			  }
			],
			"name": "bed"
		  },
		  {
			"pivot": [ 5.0, 22.0, 0.0 ],
			"cubes": [
			  {
				"origin": [ 13.0, 29.0, 6.0 ],
				"size": [ 3.0, 3.0, 3.0 ],
				"uv": [ 12.0, 38.0 ]
			  }
			],
			"name": "leg1"
		  },
		  {
			"pivot": [ -5.0, 22.0, 0.0 ],
			"cubes": [
			  {
				"origin": [ 0.0, 29.0, 6.0 ],
				"size": [ 3.0, 3.0, 3.0 ],
				"uv": [ 0.0, 38.0 ]
			  }
			],
			"name": "leg0"
		  },
		  {
			"pivot": [ 2.0, 12.0, 0.0 ],
			"cubes": [
			  {
				"origin": [ 13.0, 0.0, 6.0 ],
				"size": [ 3.0, 3.0, 3.0 ],
				"uv": [ 12.0, 44.0 ]
			  }
			],
			"name": "leg3"
		  },
		  {
			"pivot": [ -2.0, 12.0, 0.0 ],
			"cubes": [
			  {
				"origin": [ 0.0, 0.0, 6.0 ],
				"size": [ 3.0, 3.0, 3.0 ],
				"uv": [ 0.0, 44.0 ]
			  }
			],
			"name": "leg2"
		  }
		],
		"texturewidth": 64,
		"textureheight": 64
	  }
	
}
