<Techne Version="2.2">
	<Author>Mojang</Author>
	<Identifier>geometry.cross</Identifier>
	<DisplayName>Cross</DisplayName>
	<Description>Compiled from Minecraft source. Mojang pls don't sue :(</Description>
	<Models>
		<Model Texture="none.png">
			<BaseClass>ModelBase</BaseClass>
			<Name>Cross</Name>
			<Geometry>
				<Folder Type="f8bf7d5b-37bf-455b-93f9-b6f9e81620e1" Name="Model">
					<Shape Type="d9e621f7-957f-4b77-b1ae-20dcd0da7751" Name="Face NESW">
						<IsDecorative>False</IsDecorative>
						<IsFixed>False</IsFixed>
						<IsSurface>True</IsSurface>
						<IsMirrored>False</IsMirrored>
						<IsSolid>False</IsSolid>
						<Offset>0,0,0</Offset>
						<Position>-6,0,6</Position>
						<Rotation>0,45,0</Rotation>
						<Size>16,16,0</Size>
						<TextureOffset>0,0</TextureOffset>
						<Scale>0</Scale>
						<Part>None</Part>
						<Hidden>False</Hidden>
						<IsArmor>True</IsArmor>
					</Shape>
					<Shape Type="d9e621f7-957f-4b77-b1ae-20dcd0da7751" Name="Face NESW">
						<IsDecorative>False</IsDecorative>
						<IsFixed>False</IsFixed>
						<IsSurface>True</IsSurface>
						<IsMirrored>False</IsMirrored>
						<IsSolid>False</IsSolid>
						<Offset>0,0,0</Offset>
						<Position>-6,0,-6</Position>
						<Rotation>0,-45,0</Rotation>
						<Size>16,16,0</Size>
						<TextureOffset>0,0</TextureOffset>
						<Scale>0</Scale>
						<Part>None</Part>
						<Hidden>False</Hidden>
						<IsArmor>True</IsArmor>
					</Shape>
					</Folder>
			</Geometry>
			<TextureSize>16,16</TextureSize>
		</Model>
	</Models>
	<Name>Cross</Name>
</Techne>