<Techne Version="2.2">
	<Author>Mojang</Author>
	<Identifier>geometry.Cube</Identifier>
	<DisplayName>Cube</DisplayName>
	<Description>Compiled from Minecraft source. Mojang pls don't sue :(</Description>
	<Models>
		<Model Texture="none.png">
			<BaseClass>ModelBase</BaseClass>
			<Name>Cube</Name>
			<Geometry>
				<Folder Type="f8bf7d5b-37bf-455b-93f9-b6f9e81620e1" Name="Model">
					<Shape Type="d9e621f7-957f-4b77-b1ae-20dcd0da7751" Name="Front">
						<IsDecorative>False</IsDecorative>
						<IsFixed>False</IsFixed>
						<IsSurface>True</IsSurface>
						<IsMirrored>False</IsMirrored>
						<IsSolid>False</IsSolid>
						<Offset>0,0,0</Offset>
						<Position>-8,-8,-8</Position>
						<Rotation>0,0,0</Rotation>
						<Size>16,16,0</Size>
						<TextureOffset>0,0</TextureOffset>
						<Scale>0</Scale>
						<Part>None</Part>
						<Hidden>False</Hidden>
						<IsArmor>True</IsArmor>
					</Shape>
					<Shape Type="d9e621f7-957f-4b77-b1ae-20dcd0da7751" Name="Top">
						<IsDecorative>False</IsDecorative>
						<IsFixed>False</IsFixed>
						<IsSurface>True</IsSurface>
						<IsMirrored>False</IsMirrored>
						<IsSolid>False</IsSolid>
						<Offset>0,0,0</Offset>
						<Position>-8,-8,8</Position>
						<Rotation>-90,0,0</Rotation>
						<Size>16,16,0</Size>
						<TextureOffset>0,0</TextureOffset>
						<Scale>0</Scale>
						<Part>None</Part>
						<Hidden>False</Hidden>
						<IsArmor>True</IsArmor>
					</Shape>
					<Shape Type="d9e621f7-957f-4b77-b1ae-20dcd0da7751" Name="Bottom">
						<IsDecorative>False</IsDecorative>
						<IsFixed>False</IsFixed>
						<IsSurface>True</IsSurface>
						<IsMirrored>False</IsMirrored>
						<IsSolid>False</IsSolid>
						<Offset>0,0,0</Offset>
						<Position>-8,8,-8</Position>
						<Rotation>90,0,0</Rotation>
						<Size>16,16,0</Size>
						<TextureOffset>0,0</TextureOffset>
						<Scale>0</Scale>
						<Part>None</Part>
						<Hidden>False</Hidden>
						<IsArmor>True</IsArmor>
					</Shape>
					<Shape Type="d9e621f7-957f-4b77-b1ae-20dcd0da7751" Name="Left">
						<IsDecorative>False</IsDecorative>
						<IsFixed>False</IsFixed>
						<IsSurface>True</IsSurface>
						<IsMirrored>False</IsMirrored>
						<IsSolid>False</IsSolid>
						<Offset>0,0,0</Offset>
						<Position>-8,-8,8</Position>
						<Rotation>0,90,0</Rotation>
						<Size>16,16,0</Size>
						<TextureOffset>0,0</TextureOffset>
						<Scale>0</Scale>
						<Part>None</Part>
						<Hidden>False</Hidden>
						<IsArmor>True</IsArmor>
					</Shape>
					<Shape Type="d9e621f7-957f-4b77-b1ae-20dcd0da7751" Name="Right">
						<IsDecorative>False</IsDecorative>
						<IsFixed>False</IsFixed>
						<IsSurface>True</IsSurface>
						<IsMirrored>False</IsMirrored>
						<IsSolid>False</IsSolid>
						<Offset>0,0,0</Offset>
						<Position>8,-8,-8</Position>
						<Rotation>0,-90,0</Rotation>
						<Size>16,16,0</Size>
						<TextureOffset>0,0</TextureOffset>
						<Scale>0</Scale>
						<Part>None</Part>
						<Hidden>False</Hidden>
						<IsArmor>True</IsArmor>
					</Shape>
					<Shape Type="d9e621f7-957f-4b77-b1ae-20dcd0da7751" Name="Back">
						<IsDecorative>False</IsDecorative>
						<IsFixed>False</IsFixed>
						<IsSurface>True</IsSurface>
						<IsMirrored>False</IsMirrored>
						<IsSolid>False</IsSolid>
						<Offset>0,0,0</Offset>
						<Position>8,-8,8</Position>
						<Rotation>0,180,0</Rotation>
						<Size>16,16,0</Size>
						<TextureOffset>0,0</TextureOffset>
						<Scale>0</Scale>
						<Part>None</Part>
						<Hidden>False</Hidden>
						<IsArmor>True</IsArmor>
					</Shape>
					</Folder>
			</Geometry>
			<TextureSize>16,16</TextureSize>
		</Model>
	</Models>
	<Name>Cube</Name>
</Techne>